First Last,First,Last,Company,Domain
Cindy Fritts,Cindy,Fritts,Walters & Mason Retail Inc.,www.altardstate.com
Diana Wilkinson,Diana,Wilkinson,Hemline,www.shophemline.com
Corey Denicola,Corey,Denicola,"Mainstream Fashions Franchising, Inc.",www.mainstreamboutique.com
Nell Diamond,Nell,Diamond,Hill House Home,www.hillhousehome.com
Sharona Cohen,Sharona,Cohen,Genuine-People.com,www.genuine-people.com
Neima Khaila,Neima,Khaila,Pink+Dolphin,www.pinkdolphinonline.com
Kay Martin,Kay,Martin,BOCO Gear,www.bocogear.com
Cynthia Mertensmeyer,Cynthia,Mertensmeyer,"cabi, LLC",www.cabionline.com
Gretchen Taylor,Gretchen,Taylor,Taylor Made Designs UK Ltd,www.taylormadedesigns.co.uk
Kimberly Inskeep,Kimberly,Inskeep,"cabi, LLC",www.cabionline.com
Erik Allen Schnakenberg,Erik,Schnakenberg,Buck Mason,www.buckmason.com
Jason Hans Hammerberg,Jason,Hammerberg,Hammer Made,www.hammermade.com
Jason Angsuvarn,Jason,Angsuvarn,"Jason Markk, Inc.",www.jasonmarkk.com
Priscilla Menchaca,Priscilla,Menchaca,Melange,www.melangeworld.com
Judah Estreicher,Judah,Estreicher,Jbd Clothiers,www.jbdclothiers.com
Seth Weisser,Seth,Weisser,What Goes Around Comes Around,www.whatgoesaroundnyc.com
Erwan Perzo,Erwan,Perzo,Metiseko,www.metiseko.com
Thomas Castiglione,Thomas,Castiglione,Morel Eyewear,www.morel-france.com
Brian Berger,Brian,Berger,"Mack Weldon, Inc.",www.mackweldon.com
Christopher Wiebe,Christopher,Wiebe,"MAD Apparel, Inc.",www.liveathos.com
